"ResponderUnit_ID","Description","ID_911","Station_ID","TranslateTo","Agency_ID","Process","VersaTerm"
1,"AU40                                              ","AU40  ",40,"E40                                               ",,0,"AU40      "
2,"AU8                                               ","AU8   ",26,"                                                  ",,1,"AU8       "
3,"AU9                                               ","AU9   ",9,"                                                  ",,1,"AU9       "
4,"BU22                                              ","BU22  ",22,,,1,"BU22      "
5,"BU66                                              ","BU66  ",,,21,,"BU66      "
6,"BU75                                              ","BU75  ",,,3,,"BU75      "
7,"C01                                               ","C1    ",101,,,1,"C1        "
8,"C102                                              ","C102  ",105,"                                                  ",,1,"C102      "
9,"C103                                              ","C103  ",100,"C00                                               ",,1,"C103      "
10,"C105                                              ","C105  ",327,"                                                  ",,1,"C105      "
11,"C107                                              ","C107  ",,,,,"C107      "
12,"C02                                               ","C2    ",102,,,1,"C2        "
13,"C03                                               ","C3    ",103,,,1,"C3        "
14,"C30                                               ","C30   ",,,22,,"C30       "
15,"C04                                               ","C4    ",104,,,1,"C4        "
16,"C600                                              ","C600  ",,,21,,"C600      "
17,"C601                                              ","C601  ",,,21,,"C601      "
18,"C602                                              ","C602  ",,,21,,"C602      "
19,"C603                                              ","C603  ",,,21,,"C603      "
20,"C700                                              ","C700  ",,,3,,"C700      "
21,"C701                                              ","C701  ",,,3,,"C701      "
22,"C702                                              ","C702  ",,,3,,"C702      "
23,"C703                                              ","C703  ",,,3,,"C703      "
24,"CC21                                              ","CC21  ",,,7,,"CC21      "
25,"CC22                                              ","CC22  ",,,7,,"CC22      "
26,"CV07                                              ","CV7   ",7,"                                                  ",,1,"CV7       "
27,"D30                                               ","D30   ",,,22,,"D30       "
28,"DC23                                              ","DC23  ",23,,,1,"DC23      "
29,"DV1                                               ","DV1   ",1,,,1,"DV1       "
30,"E01                                               ","E1    ",1,,,1,"E1        "
31,"E10                                               ","E10   ",10,,,1,"E10       "
32,"E11                                               ","E11   ",11,,,1,"E11       "
33,"E13                                               ","E13   ",13,,,1,"E13       "
34,"E14                                               ","E14   ",14,,,1,"E14       "
35,"E15                                               ","E15   ",15,,,1,"E15       "
36,"E17                                               ","E17   ",17,,,1,"E17       "
37,"E18                                               ","E18   ",18,,,1,"E18       "
38,"E19                                               ","E19   ",19,,,1,"E19       "
39,"E02                                               ","E2    ",2,,,1,"E2        "
40,"E20                                               ","E20   ",20,,,1,"E20       "
41,"E210                                              ","E210  ",,,17,,"E210      "
42,"E22                                               ","E22   ",22,,,1,"E22       "
43,"E221                                              ","E221  ",,,17,,"E221      "
44,"E23                                               ","E23   ",23,,,1,"E23       "
45,"E24                                               ","E24   ",24,,,1,"E24       "
46,"E25                                               ","E25   ",25,,,1,"E25       "
47,"E250                                              ","E250  ",,,17,,"E250      "
48,"E251                                              ","E251  ",,,17,,"E251      "
49,"E253                                              ","E253  ",,,17,,"E253      "
50,"E255                                              ","E255  ",,,17,,"E255      "
51,"E26                                               ","E26   ",26,,,1,"E26       "
52,"E03                                               ","E3    ",3,,,1,"E3        "
53,"E32                                               ","E32   ",,,22,,"E32       "
54,"E33                                               ","E33   ",,,22,,"E33       "
55,"E34                                               ","E34   ",,,22,,"E34       "
56,"E04                                               ","E4    ",4,,,1,"E4        "
57,"E40                                               ","E40   ",40,"                                                  ",,0,"E40       "
58,"E07                                               ","E7    ",7,"                                                  ",,1,"E7        "
59,"E29                                               ","E29   ",29,,,1,"E29       "
60,"E30                                               ","E30   ",30,"                                                  ",,1,"E30       "
61,"E31                                               ","E31   ",31,"E31                                               ",,1,"E31       "
62,"E05                                               ","E5    ",5,,,1,"E5        "
63,"E555                                              ","E555  ",,,23,,"E555      "
64,"E06                                               ","E6    ",6,,,1,"E6        "
65,"E61                                               ","E61   ",,,21,,"E61       "
66,"E62                                               ","E62   ",,,21,,"E62       "
67,"E63                                               ","E63   ",,,21,,"E63       "
68,"E71                                               ","E71   ",,,3,,"E71       "
69,"E72                                               ","E72   ",,,3,,"E72       "
70,"E73                                               ","E73   ",,,3,,"E73       "
71,"E74                                               ","E74   ",,,3,,"E74       "
72,"E74R                                              ","E74R  ",,,3,,"E74R      "
73,"E75                                               ","E75   ",,,3,,"E75       "
74,"E76                                               ","E76   ",,,3,,"E76       "
75,"E77                                               ","E77   ",,,3,,"E77       "
76,"E78                                               ","E78   ",,,3,,"E78       "
77,"E08                                               ","E8    ",8,,,1,"E8        "
78,"E890                                              ","E890  ",,,1,,"E890      "
79,"E09                                               ","E9    ",9,,,1,"E9        "
80,"E999                                              ","E999  ",,,,,"E999      "
81,"EMS127                                            ","EMS127",200,,,1,"EMS127    "
82,"EMS128                                            ","EMS128",200,,,1,"EMS128    "
83,"FB17                                              ","FB17  ",17,"E17                                               ",,1,"FB17      "
84,"FB6                                               ","FB6   ",6,"E06                                               ",,1,"FB6       "
85,"HM23                                              ","HM23  ",23,,,1,"HM23      "
86,"HM3                                               ","HM3   ",,,3,,"HM3       "
87,"HM3TL                                             ","HM3TL ",,,3,,"HM3TL     "
88,"HM421                                             ","HM421 ",320,,,1,"HM421     "
89,"I370                                              ","I370  ",230,,,1,"I370      "
90,"I371                                              ","I371  ",230,,,1,"I371      "
91,"I374                                              ","I374  ",230,,,1,"I374      "
92,"I375                                              ","I375  ",230,,,1,"I375      "
93,"I376                                              ","I376  ",230,,,1,"I376      "
94,"I721                                              ","I721  ",,,3,,"I721      "
95,"I724                                              ","I724  ",,,3,,"I724      "
96,"I727                                              ","I727  ",,,3,,"I727      "
97,"I740                                              ","I740  ",,,3,,"I740      "
98,"INFOF                                             ","INFOF ",,,,,"INFOF     "
99,"M54                                               ","M54   ",,,,,"M54       "
100,"M55                                               ","M55   ",,,,,"M55       "
101,"PIO351                                            ","PIO351",300,,,1,"PIO351    "
102,"PIO353                                            ","PIO353",300,,,1,"PIO353    "
103,"PIO354                                            ","PIO354",300,,,1,"PIO354    "
104,"R01                                               ","R1    ",1,,,1,"R1        "
105,"R14                                               ","R14   ",14,,,1,"R14       "
106,"R02                                               ","R2    ",2,,,1,"R2        "
107,"R22                                               ","R22   ",22,,,1,"R22       "
108,"R25                                               ","R25   ",25,,,1,"R25       "
109,"R30                                               ","R30   ",30,"                                                  ",,1,"R30       "
110,"R07                                               ","R7    ",7,"                                                  ",,1,"R7        "
111,"R05                                               ","R5    ",5,,,1,"R5        "
112,"R65                                               ","R65   ",,,21,,"R65       "
113,"R880                                              ","R880  ",,,1,,"R880      "
114,"S01                                               ","S1    ",1,,,1,"S1        "
115,"S72                                               ","S72   ",,,24,,"S72       "
116,"T01                                               ","T1    ",1,,,1,"T1        "
117,"T13                                               ","T13   ",13,,,1,"T13       "
118,"T02                                               ","T2    ",2,,,1,"T2        "
119,"T22                                               ","T22   ",22,,,1,"T22       "
120,"T25                                               ","T25   ",25,,,1,"T25       "
121,"T253                                              ","T253  ",,,17,,"T253      "
122,"T03                                               ","T3    ",3,,,1,"T3        "
123,"T04                                               ","T4    ",4,,,1,"T4        "
124,"T07                                               ","T7    ",7,"                                                  ",,1,"T7        "
125,"T71                                               ","T71   ",,,3,,"T71       "
126,"T71R                                              ","T71R  ",,,3,,"T71R      "
127,"T08                                               ","T8    ",8,,,1,"T8        "
128,"T810                                              ","T810  ",,,1,,"T810      "
129,"T811                                              ","T811  ",,,1,,"T811      "
130,"T815                                              ","T815  ",,,1,,"T815      "
131,"TIP                                               ","TIP   ",,,,,"TIP       "
132,"V82                                               ","V82   ",,,19,,"V82       "
133,"V83                                               ","V83   ",,,19,,"V83       "
134,"WT140                                             ","WT140 ",,,23,,"WT140     "
135,"WT68                                              ","WT68  ",,,21,,"WT68      "
136,"FP124                                             ","FP124 ",210,,,1,"FP124     "
137,"PIO352                                            ","PIO352",300,,,1,"PIO352    "
138,"PIO350                                            ","PIO350",300,,,1,"PIO350    "
139,"E2R                                               ","E2R   ",2,"E02                                               ",,1,"E2R       "
140,"TIPF                                              ","TIPF  ",,,,,"TIPF      "
141,"C4C                                               ","C4C   ",104,,,1,"C4C       "
142,"E24R                                              ","E24R  ",24,"E24                                               ",,1,"E24R      "
143,"E6R                                               ","E6R   ",6,"E06                                               ",,1,"E6R       "
144,"T20R                                              ","T20R  ",20,"T20                                               ",,1,"T20R      "
145,"T221                                              ","T221  ",,,17,,"T221      "
146,"PIO355                                            ","PIO355",300,,,1,"PIO355    "
147,"T10R                                              ","T10R  ",10,"T10                                               ",,1,"T10R      "
148,"E30R                                              ","E30R  ",30,"E30                                               ",,1,"E30R      "
149,"E18R                                              ","E18R  ",18,"E18                                               ",,1,"E18R      "
150,"T254                                              ","T254  ",,,17,,"T254      "
151,"E5R                                               ","E5R   ",5,"E05                                               ",,1,"E5R       "
152,"C400                                              ","C400  ",324,"                                                  ",,1,"C400      "
153,"V85                                               ","V85   ",,,19,,"V85       "
154,"E258                                              ","E258  ",,,17,,"E258      "
155,"D14                                               ","D14   ",,,21,,"D14       "
156,"WT67                                              ","WT67  ",,,21,,"WT67      "
157,"S69                                               ","S69   ",,,24,,"S69       "
158,"I720                                              ","I720  ",,,3,,"I720      "
159,"I725                                              ","I725  ",,,3,,"I725      "
160,"R09                                               ","R9    ",9,,,1,"R9        "
161,"E214                                              ","E214  ",,,17,,"E214      "
162,"FB860                                             ","FB860 ",,,1,,"FB860     "
163,"HM07                                              ","HM7   ",7,"T7                                                ",,1,"HM7       "
164,"FP348                                             ","FP348 ",210,,,1,"FP348     "
165,"FP328                                             ","FP328 ",210,,,1,"FP328     "
166,"FB6R                                              ","FB6R  ",6,"E06                                               ",,1,"FB6R      "
167,"PFBI6                                             ","PFBI6 ",6,"E06                                               ",,1,"PFBI6     "
168,"PHM305                                            ","PHM305",250,,,1,"PHM305    "
169,"V84                                               ","V84   ",,,19,,"V84       "
170,"T800                                              ","T800  ",,,1,,"T800      "
171,"C800                                              ","C800  ",,,1,,"C800      "
172,"T816                                              ","T816  ",,,1,,"T816      "
173,"T817                                              ","T817  ",,,1,,"T817      "
174,"TR1                                               ","TR1   ",1,,,1,"TR1       "
175,"T85                                               ","T85   ",,,19,,"T85       "
176,"WT10                                              ","WT10  ",10,,,1,"WT10      "
177,"BU18                                              ","BU18  ",18,"E18                                               ",,1,"BU18      "
178,"E13R                                              ","E13R  ",13,"E13                                               ",,1,"E13R      "
179,"J6                                                ","J6    ",6,"E06                                               ",,1,"J6        "
180,"BU30                                              ","BU30  ",,,22,,"BU30      "
181,"EMS129                                            ","EMS129",200,,,1,"EMS129    "
182,"J3                                                ","J3    ",3,,,1,"J3        "
183,"DC07                                              ","DC7   ",7,,,1,"DC7       "
200,"M300                                              ","M300  ",,,,,"M300      "
201,"M301                                              ","M301  ",,,,,"M301      "
202,"M302                                              ","M302  ",,,,,"M302      "
203,"M303                                              ","M303  ",,,,,"M303      "
204,"M304                                              ","M304  ",,,,,"M304      "
205,"M305                                              ","M305  ",,,,,"M305      "
206,"M306                                              ","M306  ",,,,,"M306      "
207,"M307                                              ","M307  ",,,,,"M307      "
208,"M308                                              ","M308  ",,,,,"M308      "
209,"M309                                              ","M309  ",,,,,"M309      "
210,"M310                                              ","M310  ",,,,,"M310      "
211,"M311                                              ","M311  ",,,,,"M311      "
212,"M312                                              ","M312  ",,,,,"M312      "
213,"M313                                              ","M313  ",,,,,"M313      "
214,"M314                                              ","M314  ",,,,,"M314      "
215,"M315                                              ","M315  ",,,,,"M315      "
216,"M316                                              ","M316  ",,,,,"M316      "
217,"M317                                              ","M317  ",,,,,"M317      "
218,"M318                                              ","M318  ",,,,,"M318      "
219,"M319                                              ","M319  ",,,,,"M319      "
220,"M320                                              ","M320  ",,,,,"M320      "
221,"M321                                              ","M321  ",,,,,"M321      "
222,"M322                                              ","M322  ",,,,,"M322      "
223,"M323                                              ","M323  ",,,,,"M323      "
224,"M324                                              ","M324  ",,,,,"M324      "
225,"M325                                              ","M325  ",,,,,"M325      "
226,"M326                                              ","M326  ",,,,,"M326      "
227,"M327                                              ","M327  ",,,,,"M327      "
228,"M328                                              ","M328  ",,,,,"M328      "
229,"M329                                              ","M329  ",,,,,"M329      "
230,"M330                                              ","M330  ",,,,,"M330      "
231,"M331                                              ","M331  ",,,,,"M331      "
232,"M332                                              ","M332  ",,,,,"M332      "
233,"M333                                              ","M333  ",,,,,"M333      "
234,"M334                                              ","M334  ",,,,,"M334      "
235,"M335                                              ","M335  ",,,,,"M335      "
236,"M336                                              ","M336  ",,,,,"M336      "
237,"M337                                              ","M337  ",,,,,"M337      "
238,"M338                                              ","M338  ",,,,,"M338      "
239,"M339                                              ","M339  ",,,,,"M339      "
240,"M340                                              ","M340  ",,,,,"M340      "
241,"M341                                              ","M341  ",,,,,"M341      "
242,"M342                                              ","M342  ",,,,,"M342      "
243,"M343                                              ","M343  ",,,,,"M343      "
244,"M344                                              ","M344  ",,,,,"M344      "
245,"M345                                              ","M345  ",,,,,"M345      "
246,"M346                                              ","M346  ",,,,,"M346      "
247,"M347                                              ","M347  ",,,,,"M347      "
248,"M348                                              ","M348  ",,,,,"M348      "
249,"M349                                              ","M349  ",,,,,"M349      "
250,"M350                                              ","M350  ",,,,,"M350      "
251,"M351                                              ","M351  ",,,,,"M351      "
252,"M352                                              ","M352  ",,,,,"M352      "
253,"M353                                              ","M353  ",,,,,"M353      "
254,"M354                                              ","M354  ",,,,,"M354      "
255,"M355                                              ","M355  ",,,,,"M355      "
256,"M356                                              ","M356  ",,,,,"M356      "
257,"M357                                              ","M357  ",,,,,"M357      "
258,"M358                                              ","M358  ",,,,,"M358      "
259,"M359                                              ","M359  ",,,,,"M359      "
260,"M360                                              ","M360  ",,,,,"M360      "
261,"M361                                              ","M361  ",,,,,"M361      "
262,"M362                                              ","M362  ",,,,,"M362      "
263,"M363                                              ","M363  ",,,,,"M363      "
264,"M364                                              ","M364  ",,,,,"M364      "
265,"M365                                              ","M365  ",,,,,"M365      "
266,"M366                                              ","M366  ",,,,,"M366      "
267,"M367                                              ","M367  ",,,,,"M367      "
268,"M368                                              ","M368  ",,,,,"M368      "
269,"M369                                              ","M369  ",,,,,"M369      "
270,"M370                                              ","M370  ",,,,,"M370      "
271,"M371                                              ","M371  ",,,,,"M371      "
272,"M372                                              ","M372  ",,,,,"M372      "
273,"M373                                              ","M373  ",,,,,"M373      "
274,"M374                                              ","M374  ",,,,,"M374      "
275,"M375                                              ","M375  ",,,,,"M375      "
276,"M376                                              ","M376  ",,,,,"M376      "
277,"M377                                              ","M377  ",,,,,"M377      "
278,"M378                                              ","M378  ",,,,,"M378      "
279,"M379                                              ","M379  ",,,,,"M379      "
280,"M380                                              ","M380  ",,,,,"M380      "
281,"M381                                              ","M381  ",,,,,"M381      "
282,"M382                                              ","M382  ",,,,,"M382      "
283,"M383                                              ","M383  ",,,,,"M383      "
284,"M384                                              ","M384  ",,,,,"M384      "
285,"M385                                              ","M385  ",,,,,"M385      "
286,"M386                                              ","M386  ",,,,,"M386      "
287,"M387                                              ","M387  ",,,,,"M387      "
288,"M388                                              ","M388  ",,,,,"M388      "
289,"M389                                              ","M389  ",,,,,"M389      "
290,"M390                                              ","M390  ",,,,,"M390      "
291,"M391                                              ","M391  ",,,,,"M391      "
292,"M392                                              ","M392  ",,,,,"M392      "
293,"M393                                              ","M393  ",,,,,"M393      "
294,"M394                                              ","M394  ",,,,,"M394      "
295,"M395                                              ","M395  ",,,,,"M395      "
296,"M396                                              ","M396  ",,,,,"M396      "
297,"M397                                              ","M397  ",,,,,"M397      "
298,"M398                                              ","M398  ",,,,,"M398      "
299,"M399                                              ","M399  ",,,,,"M399      "
300,"LF1                                               ","LF1   ",,,99,,"LF1       "
301,"LF2                                               ","LF2   ",,,99,,"LF2       "
302,"MRV24                                             ","MRV24 ",24,,,1,"MRV24     "
303,"RB860                                             ","RB860 ",,,1,,"RB860     "
304,"E21                                               ","E21   ",21,,,1,"E21       "
305,"BU29                                              ","BU29  ",29,"E29                                               ",,1,"BU29      "
306,"E01R                                              ","E1R   ",1,"E01                                               ",,1,"E1R       "
307,"T04R                                              ","T4R   ",4,"T04                                               ",,1,"T4R       "
308,"FB75                                              ","FB75  ",,,,,"FB75      "
309,"R25R                                              ","R25R  ",25,"R25                                               ",,1,"R25R      "
310,"M202                                              ","M202  ",,,,,"M202      "
311,"S253                                              ","S253  ",,,17,,"S253      "
312,"FU6                                               ","FU6   ",6,"E06                                               ",,1,"FU6       "
313,"M205                                              ","M205  ",,,,,"M205      "
314,"HM9                                               ","HM9   ",9,"E09                                               ",,1,"HM9       "
316,"CV23                                              ","CV23  ",23,,,1,"CV23      "
317,"C405                                              ","C405  ",322,,,1,"C405      "
318,"E254                                              ","E254  ",,,17,,"E254      "
319,"E04R                                              ","E4R   ",4,"E04                                               ",,1,"E4R       "
320,"EMS227                                            ","EMS227",200,,,1,"EMS227    "
321,"HC121                                             ","HC121 ",321,"                                                  ",,1,"HC121     "
322,"EMS250                                            ","EMS250",200,,,1,"EMS250    "
323,"EMS251                                            ","EMS251",200,,,1,"EMS251    "
324,"EMS252                                            ","EMS252",200,,,1,"EMS252    "
325,"EMS253                                            ","EMS253",200,,,1,"EMS253    "
326,"EMS254                                            ","EMS254",200,,,1,"EMS254    "
327,"EMS255                                            ","EMS255",200,,,1,"EMS255    "
328,"EMS256                                            ","EMS256",200,,,1,"EMS256    "
329,"EMS257                                            ","EMS257",200,,,1,"EMS257    "
330,"EMS258                                            ","EMS258",200,,,1,"EMS258    "
331,"EMS259                                            ","EMS259",200,,,1,"EMS259    "
332,"EMS260                                            ","EMS260",200,,,1,"EMS260    "
333,"EMS261                                            ","EMS261",200,,,1,"EMS261    "
334,"EMS262                                            ","EMS262",200,,,1,"EMS262    "
335,"I372                                              ","I372  ",230,,,1,"I372      "
336,"I373                                              ","I373  ",230,,,1,"I373      "
338,"C501                                              ","C501  ",,,,,"C501      "
339,"R18R                                              ","R18R  ",18,,,1,"R18R      "
340,"E14R                                              ","E14R  ",14,"E14                                               ",,1,"E14R      "
341,"FP450                                             ","FP450 ",323,,,1,"FP450     "
342,"FP451                                             ","FP451 ",323,,,1,"FP451     "
343,"FP452                                             ","FP452 ",323,,,1,"FP452     "
344,"FP453                                             ","FP453 ",323,,,1,"FP453     "
345,"FP454                                             ","FP454 ",323,,,1,"FP454     "
346,"FP455                                             ","FP455 ",323,,,1,"FP455     "
347,"EMS228                                            ","EMS228",200,,,1,"EMS228    "
348,"I728                                              ","I728  ",,,3,,"I728      "
349,"EMS4                                              ","EMS4  ",,,,,"EMS4      "
350,"CC55                                              ","CC55  ",,,7,,"CC55      "
351,"TV60                                              ","TV60  ",,,17,,"TV60      "
352,"TV56                                              ","TV56  ",,,17,,"TV56      "
353,"CC1                                               ","CC1   ",,,7,,"CC1       "
354,"CCT1                                              ","CCT1  ",,,7,,"CCT1      "
355,"INSP1                                             ","INSP1 ",230,,,1,"INSP1     "
356,"INSP2                                             ","INSP2 ",230,,,1,"INSP2     "
357,"INSP3                                             ","INSP3 ",230,,,1,"INSP3     "
358,"FIREM1                                            ","FIREM1",1,,,1,"FIREM1    "
359,"FIREM2                                            ","FIREM2",1,,,1,"FIREM2    "
360,"FIREM3                                            ","FIREM3",1,,,1,"FIREM3    "
361,"FIREM4                                            ","FIREM4",1,,,1,"FIREM4    "
362,"AMRM1                                             ","AMRM1 ",,,,,"AMRM1     "
363,"AMRM2                                             ","AMRM2 ",,,,,"AMRM2     "
364,"AMRM3                                             ","AMRM3 ",,,,,"AMRM3     "
365,"AMRM4                                             ","AMRM4 ",,,,,"AMRM4     "
366,"AMRM5                                             ","AMRM5 ",,,,,"AMRM5     "
367,"TV65                                              ","TV65  ",,,17,,"TV65      "
368,"TV51                                              ","TV51  ",,,17,,"TV51      "
369,"CC2                                               ","CC2   ",,,7,,"CC2       "
370,"EMS705                                            ","EMS705",,,3,,"EMS705    "
371,"CC6                                               ","CC6   ",,,7,,"CC6       "
372,"CC26                                              ","CC26  ",,,7,,"CC26      "
373,"TV61                                              ","TV61  ",,,17,,"TV61      "
374,"WT38                                              ","WT38  ",,,22,,"WT38      "
375,"M210                                              ","M210  ",,,,,"M210      "
376,"R14R                                              ","R14R  ",14,"R14                                               ",,1,"R14R      "
377,"EMS202                                            ","EMS202",200,"                                                  ",,1,"EMS202    "
378,"AU2R                                              ","AU2R  ",2,"E02                                               ",,1,"AU2R      "
379,"BU19                                              ","BU19  ",19,"E19                                               ",,1,"BU19      "
380,"E2TRN                                             ","E2TRN ",2,,,1,"E2TRN     "
381,"E33R                                              ","E33R  ",,,22,,"E33R      "
382,"E34R                                              ","E34R  ",2,"                                                  ",22,1,"E34R      "
383,"EMS201                                            ","EMS201",200,,,1,"EMS201    "
384,"FB61                                              ","FB61  ",,,,,"FB61      "
385,"HM07R                                             ","HM7R  ",7,"T7                                                ",,1,"HM7R      "
386,"HM6                                               ","HM6   ",6,"E06                                               ",,1,"HM6       "
387,"HT23                                              ","HT23  ",23,"E23                                               ",,1,"HT23      "
388,"I377                                              ","I377  ",230,,,1,"I377      "
389,"I378                                              ","I378  ",230,,,1,"I378      "
390,"PDX800                                            ","PDX800",,,1,,"PDX800    "
391,"PHM306                                            ","PHM306",250,,,1,"PHM306    "
392,"PHM307                                            ","PHM307",250,,,1,"PHM307    "
393,"PIO356                                            ","PIO356",300,,,1,"PIO356    "
394,"PIO357                                            ","PIO357",300,,,1,"PIO357    "
395,"R21                                               ","R21   ",,,,,"R21       "
396,"R5R                                               ","R5R   ",5,"R05                                               ",,1,"R5R       "
397,"R802                                              ","R802  ",,,1,,"R802      "
398,"S30R                                              ","S30R  ",,,,,"S30R      "
399,"T22I                                              ","T22I  ",,,,,"T22I      "
400,"T2TRN                                             ","T2TRN ",2,,,1,"T2TRN     "
401,"T33R                                              ","T33R  ",,,,,"T33R      "
402,"T3I                                               ","T3I   ",,,,,"T3I       "
403,"T4I                                               ","T4I   ",,,,,"T4I       "
404,"E16                                               ","E16   ",16,"                                                  ",,1,"E16       "
405,"TV90                                              ","TV90  ",,"                                                  ",17,,"TV90      "
406,"CC3                                               ","CC3   ",,"                                                  ",7,,"CC3       "
407,"TVT54                                             ","TVT54 ",,"                                                  ",17,,"TVT54     "
408,"PIO727                                            ","PIO727",,"                                                  ",3,,"PIO727    "
409,"INFOF2                                            ","INFOF2",,"                                                  ",,,"INFOF2    "
410,"BU20                                              ","BU20  ",20,"                                                  ",,1,"BU20      "
411,"BU43                                              ","BU43  ",43,"                                                  ",,1,"BU43      "
412,"T3INS                                             ","T3INS ",3,"T3                                                ",,1,"T3INS     "
413,"T4INS                                             ","T4INS ",4,"T4                                                ",,1,"T4INS     "
414,"T22INS                                            ","T22INS",22,"T22                                               ",,1,"T22INS    "
415,"R11                                               ","R11   ",11,"                                                  ",,1,"R11       "
416,"R19                                               ","R19   ",19,"                                                  ",,1,"R19       "
417,"C704                                              ","C704  ",,"                                                  ",3,,"C704      "
418,"TV91                                              ","TV91  ",,"                                                  ",17,,"TV91      "
419,"TVT51                                             ","TVT51 ",,"                                                  ",17,,"TVT51     "
420,"E998                                              ","E998  ",,"                                                  ",,,"E998      "
421,"C110                                              ","C110  ",325,"                                                  ",,1,"C110      "
422,"TV68                                              ","TV68  ",,"                                                  ",17,,"TV68      "
423,"WT141                                             ","WT141 ",,"                                                  ",23,,"WT141     "
424,"I726                                              ","I726  ",,"                                                  ",3,,"I726      "
425,"C500                                              ","C500  ",500,"                                                  ",,1,"C500      "
426,"C101                                              ","C101  ",,"                                                  ",,,"C101      "
427,"INFOF3                                            ","INFOF3",,"                                                  ",,,"INFOF3    "
428,"E12                                               ","E12   ",12,"                                                  ",,1,"E12       "
429,"TV53                                              ","TV53  ",,"                                                  ",17,,"TV53      "
430,"BOR140                                            ","BOR140",,"                                                  ",23,,"BOR140    "
431,"BU140                                             ","BU140 ",,"                                                  ",23,,"BU140     "
432,"VT82                                              ","VT82  ",,"                                                  ",19,,"VT82      "
433,"V81                                               ","V81   ",,"                                                  ",19,,"V81       "
434,"TV67                                              ","TV67  ",,"                                                  ",17,,"TV67      "
435,"TVT67                                             ","TVT67 ",,"                                                  ",17,,"TVT67     "
436,"ABT1                                              ","ABT1  ",,"                                                  ",,,"ABT1      "
437,"M206                                              ","M206  ",,"                                                  ",,,"M206      "
438,"MWA                                               ","MWA   ",,"                                                  ",,,"MWA       "
439,"M204                                              ","M204  ",,"                                                  ",,,"M204      "
440,"C706                                              ","C706  ",,"                                                  ",3,,"C706      "
441,"M219                                              ","M219  ",,"                                                  ",,,"M219      "
442,"M209                                              ","M209  ",,"                                                  ",,,"M209      "
443,"CG1                                               ","CG1   ",,"                                                  ",99,,"CG1       "
444,"R1R                                               ","R1R   ",1,"R1                                                ",,1,"R1R       "
445,"S71                                               ","S71   ",,"                                                  ",24,,"S71       "
446,"TV62                                              ","TV62  ",,"                                                  ",17,,"TV62      "
447,"RC07                                              ","RC7   ",7,"                                                  ",,1,"RC7       "
448,"CCT4                                              ","CCT4  ",,"                                                  ",7,,"CCT4      "
449,"M213                                              ","M213  ",,"                                                  ",,,"M213      "
450,"M203                                              ","M203  ",,"                                                  ",,,"M203      "
451,"CG564                                             ","CG564 ",,"                                                  ",99,,"CG564     "
452,"MRV75                                             ","MRV75 ",,"                                                  ",,,"MRV75     "
453,"M200                                              ","M200  ",,"                                                  ",,,"M200      "
454,"C2B                                               ","C2B   ",102,"C2                                                ",,1,"C2B       "
455,"C3B                                               ","C3B   ",103,"C3                                                ",,1,"C3B       "
456,"M207                                              ","M207  ",,"                                                  ",,,"M207      "
457,"CC4                                               ","CC4   ",,"                                                  ",7,,"CC4       "
458,"R31                                               ","R31   ",31,"                                                  ",,1,"R31       "
459,"R99                                               ","R99   ",200,"                                                  ",,1,"R99       "
460,"BU16                                              ","BU16  ",16,"E16                                               ",,1,"BU16      "
461,"R23                                               ","R23   ",23,"                                                  ",,1,"R23       "
462,"R08                                               ","R8    ",8,"                                                  ",,1,"R8        "
463,"E31R                                              ","E31R  ",31,"E31                                               ",,1,"E31R      "
464,"C200                                              ","C200  ",200,"                                                  ",,1,"C200      "
465,"C300                                              ","C300  ",301,"                                                  ",,1,"C300      "
467,"RB6                                               ","RB6   ",6,"E06                                               ",,1,"RB6       "
468,"RB22                                              ","RB22  ",22,"                                                  ",,1,"RB22      "
469,"T19R                                              ","T19R  ",19,"                                                  ",,1,"T19R      "
470,"AU10                                              ","AU10  ",10,"                                                  ",,1,"AU10      "
471,"M201                                              ","M201  ",,"                                                  ",,,"M201      "
472,"M208                                              ","M208  ",,"                                                  ",,,"M208      "
473,"M212                                              ","M212  ",,"                                                  ",,,"M212      "
474,"M261                                              ","M261  ",,"                                                  ",,,"M261      "
475,"INFOFA                                            ","INFOFA",,"                                                  ",,,"INFOFA    "
476,"R29                                               ","R29   ",29,"                                                  ",,1,"R29       "
477,"FP343                                             ","FP343 ",230,,,1,"FP343     "
478,"E28                                               ","E28   ",28,"                                                  ",,1,"E28       "
479,"AU28                                              ","AU28  ",28,"                                                  ",,1,"AU28      "
480,"UT22                                              ","UT22  ",22,,,1,"UT22      "
481,"ATV22                                             ","ATV22 ",22,"                                                  ",,1,"ATV22     "
482,"RB17                                              ","RB17  ",17,"E17                                               ",,1,"RB17      "
483,"RC01                                              ","RC1   ",1,"                                                  ",,1,"RC1       "
484,"M220                                              ","M220  ",,,,,"M220      "
485,"CC5                                               ","CC5   ",,,,,"CC5       "
486,"NOBOEC                                            ","NOBOEC",,,,,"NOBOEC    "
487,"FP522                                             ","FP522 ",,,,,"FP522     "
488,"C31                                               ","C31   ",,,,,"C31       "
489,"NOPDX                                             ","NOPDX ",,"                                                  ",,,"NOPDX     "
490,"C720                                              ","C720  ",,,,,"C720      "
491,"WT39                                              ","WT39  ",,,,,"WT39      "
492,"BU76                                              ","BU76  ",,,,,"BU76      "
493,"ABT2                                              ","ABT2  ",,,,,"ABT2      "
494,"C801                                              ","C801  ",,,,,"C801      "
495,"E890R                                             ","E890R ",,"                                                  ",1,0,"E890R     "
496,"E79                                               ","E79   ",,,,,"E79       "
497,"EDUF                                              ","EDUF  ",,,,,"EDUF      "
498,"WR75                                              ","WR75  ",,,,,"WR75      "
499,"AU2                                               ","AU2   ",2,,,1,"AU2       "
500,"MW71                                              ","MW71  ",,,,,"MW71      "
501,"MW68                                              ","MW68  ",,,,,"MW68      "
502,"CC82                                              ","CC82  ",,,,,"CC82      "
503,"R06                                               ","R6    ",6,"                                                  ",,1,"R6        "
505,"T12R                                              ","T12R  ",12,"                                                  ",,1,"T12R      "
506,"E27                                               ","E27   ",27,"                                                  ",,1,"E27       "
507,"BU27                                              ","BU27  ",27,"                                                  ",,1,"BU27      "
508,"HS24                                              ","HS24  ",24,"E24                                               ",24,1,"HS24      "
509,"C103A                                             ","C103A ",100,"C00                                               ",,1,"C103A     "
510,"T818                                              ","T818  ",,"                                                  ",1,0,"T818      "
511,"AU12                                              ","AU12  ",12,"                                                  ",,1,"AU12      "
512,"RHB10                                             ","RHB10 ",10,"                                                  ",,1,"RHB10     "
513,"RHB12                                             ","RHB12 ",12,"                                                  ",,1,"RHB12     "
514,"BOR149                                            ","BOR149",,"                                                  ",23,0,"BOR149    "
515,"S881                                              ","S881  ",,"                                                  ",1,0,"S881      "
516,"TV64                                              ","TV64  ",,"                                                  ",17,0,"TV64      "
517,"TVC5                                              ","TVC5  ",,"                                                  ",17,0,"TVC5      "
518,"BU32                                              ","BU32  ",,"                                                  ",22,0,"BU32      "
519,"MC9                                               ","MC9   ",9,"                                                  ",,0,"MC9       "
520,"MW51                                              ","MW51  ",,"                                                  ",99,0,"MW51      "
521,"E62R                                              ","E62R  ",,"                                                  ",21,0,"E62R      "
522,"RB75                                              ","RB75  ",,"                                                  ",3,0,"RB75      "
523,"R71R                                              ","R71R  ",,"                                                  ",3,0,"R71R      "
524,"E72R                                              ","E72R  ",,"                                                  ",3,0,"E72R      "
525,"S01R                                              ","S1R   ",1,"S01                                               ",,1,"S1R       "
526,"C31R                                              ","C31R  ",,"                                                  ",,0,"C31R      "
527,"C32R                                              ","C32R  ",,"                                                  ",,0,"C32R      "
528,"C33R                                              ","C33R  ",,"                                                  ",,0,"C33R      "
529,"C34R                                              ","C34R  ",,"                                                  ",,0,"C34R      "
530,"HS18                                              ","HS18  ",18,"                                                  ",,1,"HS18      "
531,"USAR1                                             ","USAR1 ",1,"                                                  ",,1,"USAR1     "
532,"T819                                              ","T819  ",,"                                                  ",1,0,"T819      "
533,"TV62R                                             ","TV62R ",,"                                                  ",17,0,"TV62R     "
534,"C8                                                ","C8    ",,"                                                  ",1,0,"C8        "
535,"C201                                              ","C201  ",200,"                                                  ",,1,"C201      "
536,"EMS203                                            ","EMS203",200,"                                                  ",,1,"EMS203    "
537,"EMS204                                            ","EMS204",200,"                                                  ",,1,"EMS204    "
538,"E15R                                              ","E15R  ",15,,,1,"E15R      "
539,"UT01                                              ","UT1   ",1,"                                                  ",,1,"UT1       "
540,"UT27                                              ","UT27  ",27,"                                                  ",,1,"UT27      "
541,"E888                                              ","E888  ",22,"E22                                               ",,1,"E888      "
542,"FU24                                              ","FU24  ",24,"E24                                               ",,1,"FU24      "
543,"PIO358                                            ","PIO358",300,"                                                  ",,1,"PIO358    "
544,"EMS263                                            ","EMS263",200,"                                                  ",,1,"EMS263    "
545,"M217                                              ","M217  ",,"                                                  ",,0,"M217      "
546,"C3C                                               ","C3C   ",103,"C3                                                ",,1,"C3C       "
547,"C104                                              ","C104  ",326,"                                                  ",,1,"C104      "
548,"R03                                               ","R3    ",3,"                                                  ",,1,"R3        "
549,"RHB19                                             ","RHB19 ",19,"                                                  ",,1,"RHB19     "
550,"T10                                               ","T10   ",10,"                                                  ",,1,"T10       "
551,"WT13                                              ","WT13  ",13,"                                                  ",,1,"WT13      "
552,"BT1                                               ","BT1   ",200,"                                                  ",,1,"BT1       "
553,"BT2                                               ","BT2   ",200,"                                                  ",,1,"BT2       "
554,"BT3                                               ","BT3   ",200,"                                                  ",,1,"BT3       "
555,"BT4                                               ","BT4   ",200,"                                                  ",,1,"BT4       "
556,"HC458                                             ","HC458 ",328,"                                                  ",,1,"HC458     "
557,"ATV22A                                            ","ATV22A",22,"                                                  ",,1,"ATV22A    "
558,"ATV22B                                            ","ATV22B",22,"                                                  ",,1,"ATV22B    "
559,"ATV29A                                            ","ATV29A",29,"                                                  ",,1,"ATV29A    "
560,"ATV29B                                            ","ATV29B",29,"                                                  ",,1,"ATV29B    "
1500,"E01ST                                             ","E1ST  ",1,"E01                                               ",,1,"E1ST      "
1501,"S01ST                                             ","S1ST  ",1,"S01                                               ",,1,"S1ST      "
1502,"T01ST                                             ","T1ST  ",1,"T01                                               ",,1,"T1ST      "
1503,"E02ST                                             ","E2ST  ",2,"E02                                               ",,1,"E2ST      "
1504,"T02ST                                             ","T2ST  ",2,"T02                                               ",,1,"T2ST      "
1505,"E03ST                                             ","E3ST  ",3,"E03                                               ",,1,"E3ST      "
1506,"T03ST                                             ","T3ST  ",3,"T03                                               ",,1,"T3ST      "
1507,"E04ST                                             ","E4ST  ",4,"E04                                               ",,1,"E4ST      "
1508,"T04ST                                             ","T4ST  ",4,"T04                                               ",,1,"T4ST      "
1509,"E05ST                                             ","E5ST  ",5,"E05                                               ",,1,"E5ST      "
1510,"E06ST                                             ","E6ST  ",6,"E06                                               ",,1,"E6ST      "
1511,"E07ST                                             ","E7ST  ",7,"E07                                               ",,1,"E7ST      "
1512,"T07ST                                             ","T7ST  ",7,"T07                                               ",,1,"T7ST      "
1513,"E08ST                                             ","E8ST  ",8,"E08                                               ",,1,"E8ST      "
1514,"T08ST                                             ","T8ST  ",8,"T08                                               ",,1,"T8ST      "
1515,"E09ST                                             ","E9ST  ",9,"E09                                               ",,1,"E9ST      "
1516,"E10ST                                             ","E10ST ",10,"E10                                               ",,1,"E10ST     "
1517,"E11ST                                             ","E11ST ",11,"E11                                               ",,1,"E11ST     "
1518,"E12ST                                             ","E12ST ",12,"E12                                               ",,1,"E12ST     "
1519,"E13ST                                             ","E13ST ",13,"E13                                               ",,1,"E13ST     "
1520,"T13ST                                             ","T13ST ",13,"T13                                               ",,1,"T13ST     "
1521,"E14ST                                             ","E14ST ",14,"E14                                               ",,1,"E14ST     "
1522,"E15ST                                             ","E15ST ",15,"E15                                               ",,1,"E15ST     "
1523,"E16ST                                             ","E16ST ",16,"E16                                               ",,1,"E16ST     "
1524,"E17ST                                             ","E17ST ",17,"E17                                               ",,1,"E17ST     "
1525,"E18ST                                             ","E18ST ",18,"E18                                               ",,1,"E18ST     "
1526,"E19ST                                             ","E19ST ",19,"E19                                               ",,1,"E19ST     "
1527,"E20ST                                             ","E20ST ",20,"E20                                               ",,1,"E20ST     "
1528,"E21ST                                             ","E21ST ",21,"E21                                               ",,1,"E21ST     "
1529,"E22ST                                             ","E22ST ",22,"E22                                               ",,1,"E22ST     "
1530,"T22ST                                             ","T22ST ",22,"T22                                               ",,1,"T22ST     "
1531,"E23ST                                             ","E23ST ",23,"E23                                               ",,1,"E23ST     "
1532,"E24ST                                             ","E24ST ",24,"E24                                               ",,1,"E24ST     "
1533,"E25ST                                             ","E25ST ",25,"E25                                               ",,1,"E25ST     "
1534,"T25ST                                             ","T25ST ",25,"T25                                               ",,1,"T25ST     "
1535,"E26ST                                             ","E26ST ",26,"E26                                               ",,1,"E26ST     "
1536,"E27ST                                             ","E27ST ",27,"E27                                               ",,1,"E27ST     "
1537,"E28ST                                             ","E28ST ",28,"E28                                               ",,1,"E28ST     "
1538,"E29ST                                             ","E29ST ",29,"E29                                               ",,1,"E29ST     "
1539,"E30ST                                             ","E30ST ",30,"E30                                               ",,1,"E30ST     "
1540,"E31ST                                             ","E31ST ",31,"E31                                               ",,1,"E31ST     "
1541,"UT23                                              ","UT23  ",23,"E23                                               ",,1,"UT23      "
1542,"M266                                              ","M266  ",,"                                                  ",,0,"M266      "
1543,"T14R                                              ","T14R  ",14,"T14                                               ",,1,"T14R      "
1544,"CCBC2                                             ","CCBC2 ",,"                                                  ",7,0,"CCBC2     "
1545,"MW74                                              ","MW74  ",,"                                                  ",99,0,"MW74      "
1546,"E76ST                                             ","E76ST ",,"                                                  ",3,0,"E76ST     "
1547,"LO210                                             ","LO210 ",,"                                                  ",11,0,"LO210     "
1548,"VA1                                               ","VA1   ",,"                                                  ",19,0,"VA1       "
1549,"VA8                                               ","VA8   ",,"                                                  ",19,0,"VA8       "
1550,"C7                                                ","C7    ",,"                                                  ",3,0,"C7        "
1551,"RHB74                                             ","RHB74 ",,"                                                  ",3,0,"RHB74     "
1552,"HR71                                              ","HR71  ",,"                                                  ",3,0,"HR71      "
1553,"BU64                                              ","BU64  ",,"                                                  ",17,0,"BU64      "
1554,"FT85                                              ","FT85  ",,"                                                  ",1,0,"FT85      "
1555,"FT86                                              ","FT86  ",,"                                                  ",1,0,"FT86      "
1556,"FT87                                              ","FT87  ",,"                                                  ",1,0,"FT87      "
1557,"FT88                                              ","FT88  ",,"                                                  ",1,0,"FT88      "
1558,"FT89                                              ","FT89  ",,"                                                  ",1,0,"FT89      "
1559,"E80                                               ","E80   ",,"                                                  ",1,0,"E80       "
1560,"R80R                                              ","R80R  ",,"                                                  ",1,0,"R80R      "
1561,"R82                                               ","R82   ",,"                                                  ",1,0,"R82       "
1562,"E82R                                              ","E82R  ",,"                                                  ",1,0,"E82R      "
1563,"HS81                                              ","HS81  ",,"                                                  ",1,0,"HS81      "
1564,"RB80                                              ","RB80  ",,"                                                  ",1,0,"RB80      "
1565,"UT21                                              ","UT21  ",21,"E21                                               ",,1,"UT21      "
1566,"RB21                                              ","RB21  ",21,"E21                                               ",,1,"RB21      "
1567,"UT29                                              ","UT29  ",29,"E29                                               ",,1,"UT29      "
1568,"MW81                                              ","MW81  ",,"                                                  ",,0,"MW81      "
1569,"MW82                                              ","MW82  ",,"                                                  ",,0,"MW82      "
1570,"MW83                                              ","MW83  ",,"                                                  ",,0,"MW83      "
1571,"MW84                                              ","MW84  ",,"                                                  ",,0,"MW84      "
1572,"MW85                                              ","MW85  ",,"                                                  ",,0,"MW85      "
1573,"MW86                                              ","MW86  ",,,,0,"MW86      "
1574,"MW89                                              ","MW89  ",,,,0,"MW89      "
1575,"E80R                                              ","E80R  ",,,1,0,"E80R      "
1576,"HC121                                             ","HC121 ",7,,,1,"HC121     "
1577,"MW87                                              ","MW87  ",,,,0,"MW87      "
1578,"FG710                                             ","FG710 ",,,28,0,"FG710     "
1579,"TVW64                                             ","TVW64 ",,,17,0,"TVW64     "
1580,"TVW368                                            ","TVW368",,,17,0,"TVW368    "
1581,"TVM53                                             ","TVM53 ",,,17,0,"TVM53     "
1582,"TV34                                              ","TV34  ",,,17,0,"TV34      "
1583,"MS391                                             ","MS391 ",,,,0,"MS391     "
1584,"MS392                                             ","MS392 ",,,,0,"MS392     "
1585,"MS393                                             ","MS393 ",,,,0,"MS393     "
1586,"MS396                                             ","MS396 ",,,,0,"MS396     "
1587,"MS397                                             ","MS397 ",,,,0,"MS397     "
1588,"MS398                                             ","MS398 ",,,,0,"MS398     "
1589,"PIO359                                            ","PIO359",300,"                                                  ",,1,"PIO359    "
1590,"T02R                                              ","T2R   ",2,"T02                                               ",,1,"T2R       "
1591,"E17R                                              ","E17R  ",17,"E17                                               ",,1,"E17R      "
1592,"E16R                                              ","E16R  ",16,"E16                                               ",,1,"E16R      "
1593,"T06R                                              ","T6R   ",6,"E06                                               ",,1,"T6R       "
1594,"E23R                                              ","E23R  ",23,"                                                  ",,1,"E23R      "
1595,"VA2                                               ","VA2   ",,"                                                  ",19,0,"VA2       "
1596,"S12                                               ","S12   ",12,"S12                                               ",1,1,"S12       "
1597,"R24                                               ","R24   ",24,"                                                  ",,1,"R24       "
1598,"ATV29                                             ","ATV29 ",29,"                                                  ",,1,"ATV29     "
1599,"FB21                                              ","FB21  ",21,"E21                                               ",,1,"FB21      "
1600,"TRANS1                                            ","TRANS1",21,"E21                                               ",,1,"TRANS1    "
1601,"TRANS2                                            ","TRANS2",30,"                                                  ",,1,"TRANS2    "
1602,"RHB5                                              ","RHB5  ",5,"E05                                               ",,1,"RHB5      "
1603,"FB17R                                             ","FB17R ",17,"E17                                               ",,1,"FB17R     "
1604,"DV14                                              ","DV14  ",14,"E14                                               ",,1,"DV14      "
1605,"JP27                                              ","JP27  ",27,"                                                  ",,1,"JP27      "
